"batch","unique.ID","person.1.1","person.1.2","sand","temp","time","carb","defect.1","defect.2","defect.3","defect.4"
NA,NA,NA,NA,NA,NA,NA,NA,NA,NA,NA,NA
1,"1.1","Nora","Jimmy",30.62,246.9,73.32,0.23,0,1,1,1
1,"1.2","Nora","Jimmy",30.62,246.9,73.32,0.23,0,1,0,1
1,"1.3","Nora","Jimmy",30.62,246.9,73.32,0.23,0,0,1,1
1,"1.4","Nora","Jimmy",30.62,246.9,73.32,0.23,0,1,1,1
1,"1.5","Nora","Jimmy",30.62,246.9,73.32,0.23,0,0,1,1
1,"1.6","Nora","Jimmy",30.62,246.9,73.32,0.23,0,0,1,1
1,"1.7","Nora","Jimmy",30.62,246.9,73.32,0.23,0,1,1,1
1,"1.8","Nora","Jimmy",30.62,246.9,73.32,0.23,0,0,1,1
1,"1.9","Nora","Jimmy",30.62,246.9,73.32,0.23,0,0,1,1
1,"1.10","Nora","Jimmy",30.62,246.9,73.32,0.23,0,0,1,1
2,"2.1","Nora","Jimmy",33,226.76,66.77,0.27,0,1,1,0
2,"2.2","Nora","Jimmy",33,226.76,66.77,0.27,1,0,1,0
2,"2.3","Nora","Jimmy",33,226.76,66.77,0.27,0,0,1,0
2,"2.4","Nora","Jimmy",33,226.76,66.77,0.27,1,0,1,0
2,"2.5","Nora","Jimmy",33,226.76,66.77,0.27,1,0,1,0
2,"2.6","Nora","Jimmy",33,226.76,66.77,0.27,1,0,1,0
2,"2.7","Nora","Jimmy",33,226.76,66.77,0.27,1,1,1,1
2,"2.8","Nora","Jimmy",33,226.76,66.77,0.27,0,0,1,0
2,"2.9","Nora","Jimmy",33,226.76,66.77,0.27,0,1,0,0
2,"2.10","Nora","Jimmy",33,226.76,66.77,0.27,1,0,1,0
3,"3.1","Jimmy","Nora",39.28,268.48,72.74,0.25,1,1,1,1
3,"3.2","Jimmy","Nora",39.28,268.48,72.74,0.25,1,0,1,1
3,"3.3","Jimmy","Nora",39.28,268.48,72.74,0.25,1,1,1,1
3,"3.4","Jimmy","Nora",39.28,268.48,72.74,0.25,1,0,1,1
3,"3.5","Jimmy","Nora",39.28,268.48,72.74,0.25,1,1,1,1
3,"3.6","Jimmy","Nora",39.28,268.48,72.74,0.25,1,0,1,1
3,"3.7","Jimmy","Nora",39.28,268.48,72.74,0.25,1,0,0,1
3,"3.8","Jimmy","Nora",39.28,268.48,72.74,0.25,1,0,1,1
3,"3.9","Jimmy","Nora",39.28,268.48,72.74,0.25,1,1,1,1
3,"3.10","Jimmy","Nora",39.28,268.48,72.74,0.25,1,1,1,1
4,"4.1","Nora","Thor",37.31,259.12,73.67,0.34,1,1,0,1
4,"4.2","Nora","Thor",37.31,259.12,73.67,0.34,1,1,0,1
4,"4.3","Nora","Thor",37.31,259.12,73.67,0.34,1,0,0,1
4,"4.4","Nora","Thor",37.31,259.12,73.67,0.34,1,0,0,1
4,"4.5","Nora","Thor",37.31,259.12,73.67,0.34,1,0,0,0
4,"4.6","Nora","Thor",37.31,259.12,73.67,0.34,0,0,0,1
4,"4.7","Nora","Thor",37.31,259.12,73.67,0.34,0,0,0,1
4,"4.8","Nora","Thor",37.31,259.12,73.67,0.34,0,0,1,1
4,"4.9","Nora","Thor",37.31,259.12,73.67,0.34,0,1,0,1
4,"4.10","Nora","Thor",37.31,259.12,73.67,0.34,1,1,0,1
5,"5.1","Nora","Jimmy",35.22,219.67,62.53,0.28,1,0,1,0
5,"5.2","Nora","Jimmy",35.22,219.67,62.53,0.28,0,0,1,0
5,"5.3","Nora","Jimmy",35.22,219.67,62.53,0.28,0,1,1,0
5,"5.4","Nora","Jimmy",35.22,219.67,62.53,0.28,1,0,1,0
5,"5.5","Nora","Jimmy",35.22,219.67,62.53,0.28,1,0,1,0
5,"5.6","Nora","Jimmy",35.22,219.67,62.53,0.28,0,0,1,0
5,"5.7","Nora","Jimmy",35.22,219.67,62.53,0.28,1,0,1,0
5,"5.8","Nora","Jimmy",35.22,219.67,62.53,0.28,0,0,0,0
5,"5.9","Nora","Jimmy",35.22,219.67,62.53,0.28,0,1,1,0
5,"5.10","Nora","Jimmy",35.22,219.67,62.53,0.28,0,0,1,1
6,"6.1","Jimmy","Nora",31.79,215.02,68.31,0.29,0,0,1,0
6,"6.2","Jimmy","Nora",31.79,215.02,68.31,0.29,1,0,0,0
6,"6.3","Jimmy","Nora",31.79,215.02,68.31,0.29,0,0,1,1
6,"6.4","Jimmy","Nora",31.79,215.02,68.31,0.29,0,0,1,0
6,"6.5","Jimmy","Nora",31.79,215.02,68.31,0.29,0,0,1,0
6,"6.6","Jimmy","Nora",31.79,215.02,68.31,0.29,0,0,1,0
6,"6.7","Jimmy","Nora",31.79,215.02,68.31,0.29,0,0,1,0
6,"6.8","Jimmy","Nora",31.79,215.02,68.31,0.29,0,0,1,0
6,"6.9","Jimmy","Nora",31.79,215.02,68.31,0.29,1,1,1,0
6,"6.10","Jimmy","Nora",31.79,215.02,68.31,0.29,0,0,1,0
7,"7.1","Jimmy","Thor",33.61,259.16,61.88,0.36,0,0,0,0
7,"7.2","Jimmy","Thor",33.61,259.16,61.88,0.36,0,1,0,0
7,"7.3","Jimmy","Thor",33.61,259.16,61.88,0.36,0,0,0,0
7,"7.4","Jimmy","Thor",33.61,259.16,61.88,0.36,0,0,0,0
7,"7.5","Jimmy","Thor",33.61,259.16,61.88,0.36,1,0,0,0
7,"7.6","Jimmy","Thor",33.61,259.16,61.88,0.36,1,1,0,0
7,"7.7","Jimmy","Thor",33.61,259.16,61.88,0.36,1,0,1,0
7,"7.8","Jimmy","Thor",33.61,259.16,61.88,0.36,0,1,0,0
7,"7.9","Jimmy","Thor",33.61,259.16,61.88,0.36,0,1,0,0
7,"7.10","Jimmy","Thor",33.61,259.16,61.88,0.36,1,1,0,0
8,"8.1","Thor","Nora",37.11,279.36,73.12,0.24,1,1,0,1
8,"8.2","Thor","Nora",37.11,279.36,73.12,0.24,1,0,1,1
8,"8.3","Thor","Nora",37.11,279.36,73.12,0.24,1,1,1,1
8,"8.4","Thor","Nora",37.11,279.36,73.12,0.24,1,1,1,1
8,"8.5","Thor","Nora",37.11,279.36,73.12,0.24,0,1,1,1
8,"8.6","Thor","Nora",37.11,279.36,73.12,0.24,1,1,0,1
8,"8.7","Thor","Nora",37.11,279.36,73.12,0.24,1,1,1,1
8,"8.8","Thor","Nora",37.11,279.36,73.12,0.24,1,1,1,1
8,"8.9","Thor","Nora",37.11,279.36,73.12,0.24,1,1,1,1
8,"8.10","Thor","Nora",37.11,279.36,73.12,0.24,1,0,1,1
9,"9.1","Thor","Jimmy",33.97,234.66,78.74,0.3,1,0,1,1
9,"9.2","Thor","Jimmy",33.97,234.66,78.74,0.3,0,1,0,0
9,"9.3","Thor","Jimmy",33.97,234.66,78.74,0.3,1,0,0,1
9,"9.4","Thor","Jimmy",33.97,234.66,78.74,0.3,1,0,0,1
9,"9.5","Thor","Jimmy",33.97,234.66,78.74,0.3,1,0,0,0
9,"9.6","Thor","Jimmy",33.97,234.66,78.74,0.3,1,1,0,1
9,"9.7","Thor","Jimmy",33.97,234.66,78.74,0.3,1,1,0,1
9,"9.8","Thor","Jimmy",33.97,234.66,78.74,0.3,0,0,0,1
9,"9.9","Thor","Jimmy",33.97,234.66,78.74,0.3,1,0,0,1
9,"9.10","Thor","Jimmy",33.97,234.66,78.74,0.3,0,0,0,1
10,"10.1","Nora","Thor",38.12,282.39,73.66,0.24,1,0,0,1
10,"10.2","Nora","Thor",38.12,282.39,73.66,0.24,1,1,0,1
10,"10.3","Nora","Thor",38.12,282.39,73.66,0.24,1,1,1,1
10,"10.4","Nora","Thor",38.12,282.39,73.66,0.24,1,0,1,0
10,"10.5","Nora","Thor",38.12,282.39,73.66,0.24,1,1,1,1
10,"10.6","Nora","Thor",38.12,282.39,73.66,0.24,0,1,1,1
10,"10.7","Nora","Thor",38.12,282.39,73.66,0.24,0,1,1,1
10,"10.8","Nora","Thor",38.12,282.39,73.66,0.24,1,0,1,1
10,"10.9","Nora","Thor",38.12,282.39,73.66,0.24,1,1,1,1
10,"10.10","Nora","Thor",38.12,282.39,73.66,0.24,0,1,1,1
11,"11.1","Thor","Jimmy",31.75,201.78,68.43,0.33,0,0,0,0
11,"11.2","Thor","Jimmy",31.75,201.78,68.43,0.33,0,0,0,0
11,"11.3","Thor","Jimmy",31.75,201.78,68.43,0.33,0,0,0,0
11,"11.4","Thor","Jimmy",31.75,201.78,68.43,0.33,0,0,0,0
11,"11.5","Thor","Jimmy",31.75,201.78,68.43,0.33,0,0,1,0
11,"11.6","Thor","Jimmy",31.75,201.78,68.43,0.33,0,0,0,0
11,"11.7","Thor","Jimmy",31.75,201.78,68.43,0.33,0,0,0,0
11,"11.8","Thor","Jimmy",31.75,201.78,68.43,0.33,1,0,0,0
11,"11.9","Thor","Jimmy",31.75,201.78,68.43,0.33,1,0,0,0
11,"11.10","Thor","Jimmy",31.75,201.78,68.43,0.33,0,0,0,0
12,"12.1","Nora","Thor",39.71,269.45,61.46,0.35,1,1,0,0
12,"12.2","Nora","Thor",39.71,269.45,61.46,0.35,1,0,0,1
12,"12.3","Nora","Thor",39.71,269.45,61.46,0.35,1,1,0,0
12,"12.4","Nora","Thor",39.71,269.45,61.46,0.35,1,0,0,0
12,"12.5","Nora","Thor",39.71,269.45,61.46,0.35,1,1,0,0
12,"12.6","Nora","Thor",39.71,269.45,61.46,0.35,0,0,0,0
12,"12.7","Nora","Thor",39.71,269.45,61.46,0.35,1,1,0,0
12,"12.8","Nora","Thor",39.71,269.45,61.46,0.35,1,1,1,0
12,"12.9","Nora","Thor",39.71,269.45,61.46,0.35,1,0,0,0
12,"12.10","Nora","Thor",39.71,269.45,61.46,0.35,1,1,0,0
13,"13.1","Jimmy","Thor",36.61,218.01,69,0.23,1,0,1,0
13,"13.2","Jimmy","Thor",36.61,218.01,69,0.23,1,0,1,0
13,"13.3","Jimmy","Thor",36.61,218.01,69,0.23,1,1,1,0
13,"13.4","Jimmy","Thor",36.61,218.01,69,0.23,1,0,1,0
13,"13.5","Jimmy","Thor",36.61,218.01,69,0.23,1,0,1,0
13,"13.6","Jimmy","Thor",36.61,218.01,69,0.23,0,0,1,0
13,"13.7","Jimmy","Thor",36.61,218.01,69,0.23,1,0,1,0
13,"13.8","Jimmy","Thor",36.61,218.01,69,0.23,1,0,1,1
13,"13.9","Jimmy","Thor",36.61,218.01,69,0.23,1,0,1,0
13,"13.10","Jimmy","Thor",36.61,218.01,69,0.23,1,1,1,0
14,"14.1","Nora","Thor",30.87,264.77,72.56,0.24,1,1,1,1
14,"14.2","Nora","Thor",30.87,264.77,72.56,0.24,0,0,1,1
14,"14.3","Nora","Thor",30.87,264.77,72.56,0.24,0,1,1,1
14,"14.4","Nora","Thor",30.87,264.77,72.56,0.24,0,0,1,1
14,"14.5","Nora","Thor",30.87,264.77,72.56,0.24,0,1,1,1
14,"14.6","Nora","Thor",30.87,264.77,72.56,0.24,0,1,1,1
14,"14.7","Nora","Thor",30.87,264.77,72.56,0.24,0,1,1,1
14,"14.8","Nora","Thor",30.87,264.77,72.56,0.24,0,1,1,1
14,"14.9","Nora","Thor",30.87,264.77,72.56,0.24,0,1,0,1
14,"14.10","Nora","Thor",30.87,264.77,72.56,0.24,0,1,1,1
15,"15.1","Thor","Jimmy",33.91,251.96,68.64,0.36,0,1,0,0
15,"15.2","Thor","Jimmy",33.91,251.96,68.64,0.36,1,1,0,0
15,"15.3","Thor","Jimmy",33.91,251.96,68.64,0.36,0,1,0,0
15,"15.4","Thor","Jimmy",33.91,251.96,68.64,0.36,1,0,0,0
15,"15.5","Thor","Jimmy",33.91,251.96,68.64,0.36,0,0,0,0
15,"15.6","Thor","Jimmy",33.91,251.96,68.64,0.36,0,1,0,0
15,"15.7","Thor","Jimmy",33.91,251.96,68.64,0.36,0,0,0,0
15,"15.8","Thor","Jimmy",33.91,251.96,68.64,0.36,1,1,0,0
15,"15.9","Thor","Jimmy",33.91,251.96,68.64,0.36,1,1,0,1
15,"15.10","Thor","Jimmy",33.91,251.96,68.64,0.36,0,1,1,0
16,"16.1","Nora","Thor",38.4,205.12,79.84,0.27,0,0,1,1
16,"16.2","Nora","Thor",38.4,205.12,79.84,0.27,1,0,1,1
16,"16.3","Nora","Thor",38.4,205.12,79.84,0.27,1,0,1,1
16,"16.4","Nora","Thor",38.4,205.12,79.84,0.27,1,0,1,1
16,"16.5","Nora","Thor",38.4,205.12,79.84,0.27,1,0,0,1
16,"16.6","Nora","Thor",38.4,205.12,79.84,0.27,1,0,1,1
16,"16.7","Nora","Thor",38.4,205.12,79.84,0.27,1,0,1,1
16,"16.8","Nora","Thor",38.4,205.12,79.84,0.27,1,0,1,1
16,"16.9","Nora","Thor",38.4,205.12,79.84,0.27,1,0,1,1
16,"16.10","Nora","Thor",38.4,205.12,79.84,0.27,1,0,1,0
17,"17.1","Thor","Nora",35.79,207.28,69.63,0.32,0,0,1,0
17,"17.2","Thor","Nora",35.79,207.28,69.63,0.32,0,0,0,0
17,"17.3","Thor","Nora",35.79,207.28,69.63,0.32,1,0,0,0
17,"17.4","Thor","Nora",35.79,207.28,69.63,0.32,0,0,0,0
17,"17.5","Thor","Nora",35.79,207.28,69.63,0.32,1,0,0,0
17,"17.6","Thor","Nora",35.79,207.28,69.63,0.32,1,0,0,0
17,"17.7","Thor","Nora",35.79,207.28,69.63,0.32,0,0,0,0
17,"17.8","Thor","Nora",35.79,207.28,69.63,0.32,0,0,0,0
17,"17.9","Thor","Nora",35.79,207.28,69.63,0.32,0,0,0,1
17,"17.10","Thor","Nora",35.79,207.28,69.63,0.32,1,1,0,0
18,"18.1","Jimmy","Thor",30.91,238.19,64.71,0.3,0,0,0,0
18,"18.2","Jimmy","Thor",30.91,238.19,64.71,0.3,0,0,0,0
18,"18.3","Jimmy","Thor",30.91,238.19,64.71,0.3,0,1,0,0
18,"18.4","Jimmy","Thor",30.91,238.19,64.71,0.3,0,0,0,0
18,"18.5","Jimmy","Thor",30.91,238.19,64.71,0.3,0,0,0,0
18,"18.6","Jimmy","Thor",30.91,238.19,64.71,0.3,0,1,0,0
18,"18.7","Jimmy","Thor",30.91,238.19,64.71,0.3,0,0,0,0
18,"18.8","Jimmy","Thor",30.91,238.19,64.71,0.3,0,1,0,0
18,"18.9","Jimmy","Thor",30.91,238.19,64.71,0.3,0,0,0,0
18,"18.10","Jimmy","Thor",30.91,238.19,64.71,0.3,0,1,0,0
19,"19.1","Nora","Thor",35.31,297.22,75.99,0.24,1,1,1,1
19,"19.2","Nora","Thor",35.31,297.22,75.99,0.24,0,1,1,1
19,"19.3","Nora","Thor",35.31,297.22,75.99,0.24,1,0,1,1
19,"19.4","Nora","Thor",35.31,297.22,75.99,0.24,1,1,1,1
19,"19.5","Nora","Thor",35.31,297.22,75.99,0.24,0,1,1,1
19,"19.6","Nora","Thor",35.31,297.22,75.99,0.24,1,1,1,1
19,"19.7","Nora","Thor",35.31,297.22,75.99,0.24,0,1,1,1
19,"19.8","Nora","Thor",35.31,297.22,75.99,0.24,1,1,0,1
19,"19.9","Nora","Thor",35.31,297.22,75.99,0.24,0,1,1,1
19,"19.10","Nora","Thor",35.31,297.22,75.99,0.24,1,1,0,1
20,"20.1","Jimmy","Nora",36.26,209.53,67.37,0.24,1,1,1,0
20,"20.2","Jimmy","Nora",36.26,209.53,67.37,0.24,1,0,1,0
20,"20.3","Jimmy","Nora",36.26,209.53,67.37,0.24,0,0,1,0
20,"20.4","Jimmy","Nora",36.26,209.53,67.37,0.24,0,0,1,0
20,"20.5","Jimmy","Nora",36.26,209.53,67.37,0.24,0,0,1,0
20,"20.6","Jimmy","Nora",36.26,209.53,67.37,0.24,0,0,1,0
20,"20.7","Jimmy","Nora",36.26,209.53,67.37,0.24,0,0,1,0
20,"20.8","Jimmy","Nora",36.26,209.53,67.37,0.24,1,1,1,0
20,"20.9","Jimmy","Nora",36.26,209.53,67.37,0.24,1,0,1,0
20,"20.10","Jimmy","Nora",36.26,209.53,67.37,0.24,1,0,1,1
21,"21.1","Jimmy","Thor",35.01,219.03,70.24,0.33,0,0,0,1
21,"21.2","Jimmy","Thor",35.01,219.03,70.24,0.33,0,0,0,1
21,"21.3","Jimmy","Thor",35.01,219.03,70.24,0.33,0,0,1,1
21,"21.4","Jimmy","Thor",35.01,219.03,70.24,0.33,1,0,0,0
21,"21.5","Jimmy","Thor",35.01,219.03,70.24,0.33,1,0,0,1
21,"21.6","Jimmy","Thor",35.01,219.03,70.24,0.33,0,0,0,1
21,"21.7","Jimmy","Thor",35.01,219.03,70.24,0.33,0,0,0,1
21,"21.8","Jimmy","Thor",35.01,219.03,70.24,0.33,0,0,0,1
21,"21.9","Jimmy","Thor",35.01,219.03,70.24,0.33,0,0,1,0
21,"21.10","Jimmy","Thor",35.01,219.03,70.24,0.33,1,0,0,1
22,"22.1","Thor","Jimmy",38.28,269.02,73.53,0.36,0,1,0,1
22,"22.2","Thor","Jimmy",38.28,269.02,73.53,0.36,1,1,1,1
22,"22.3","Thor","Jimmy",38.28,269.02,73.53,0.36,1,1,0,1
22,"22.4","Thor","Jimmy",38.28,269.02,73.53,0.36,1,1,0,1
22,"22.5","Thor","Jimmy",38.28,269.02,73.53,0.36,1,1,0,1
22,"22.6","Thor","Jimmy",38.28,269.02,73.53,0.36,1,1,0,1
22,"22.7","Thor","Jimmy",38.28,269.02,73.53,0.36,1,0,0,1
22,"22.8","Thor","Jimmy",38.28,269.02,73.53,0.36,1,0,0,1
22,"22.9","Thor","Jimmy",38.28,269.02,73.53,0.36,1,0,0,1
22,"22.10","Thor","Jimmy",38.28,269.02,73.53,0.36,1,1,0,1
23,"23.1","Nora","Jimmy",36.42,238.8,70.57,0.3,1,1,0,1
23,"23.2","Nora","Jimmy",36.42,238.8,70.57,0.3,1,0,0,1
23,"23.3","Nora","Jimmy",36.42,238.8,70.57,0.3,1,0,0,1
23,"23.4","Nora","Jimmy",36.42,238.8,70.57,0.3,1,1,0,1
23,"23.5","Nora","Jimmy",36.42,238.8,70.57,0.3,1,1,0,1
23,"23.6","Nora","Jimmy",36.42,238.8,70.57,0.3,1,0,0,1
23,"23.7","Nora","Jimmy",36.42,238.8,70.57,0.3,0,1,0,1
23,"23.8","Nora","Jimmy",36.42,238.8,70.57,0.3,1,1,0,1
23,"23.9","Nora","Jimmy",36.42,238.8,70.57,0.3,1,0,0,1
23,"23.10","Nora","Jimmy",36.42,238.8,70.57,0.3,1,0,0,1
24,"24.1","Thor","Nora",39.2,253.99,64.64,0.37,1,1,0,0
24,"24.2","Thor","Nora",39.2,253.99,64.64,0.37,1,0,0,0
24,"24.3","Thor","Nora",39.2,253.99,64.64,0.37,0,1,1,0
24,"24.4","Thor","Nora",39.2,253.99,64.64,0.37,0,1,0,0
24,"24.5","Thor","Nora",39.2,253.99,64.64,0.37,1,1,0,0
24,"24.6","Thor","Nora",39.2,253.99,64.64,0.37,0,0,0,0
24,"24.7","Thor","Nora",39.2,253.99,64.64,0.37,1,1,1,0
24,"24.8","Thor","Nora",39.2,253.99,64.64,0.37,1,0,0,0
24,"24.9","Thor","Nora",39.2,253.99,64.64,0.37,1,1,0,0
24,"24.10","Thor","Nora",39.2,253.99,64.64,0.37,1,1,0,0
25,"25.1","Nora","Jimmy",30.15,233.51,62.05,0.35,0,0,0,0
25,"25.2","Nora","Jimmy",30.15,233.51,62.05,0.35,0,0,0,0
25,"25.3","Nora","Jimmy",30.15,233.51,62.05,0.35,0,0,0,0
25,"25.4","Nora","Jimmy",30.15,233.51,62.05,0.35,0,0,0,0
25,"25.5","Nora","Jimmy",30.15,233.51,62.05,0.35,0,0,0,0
25,"25.6","Nora","Jimmy",30.15,233.51,62.05,0.35,0,0,0,0
25,"25.7","Nora","Jimmy",30.15,233.51,62.05,0.35,0,1,0,0
25,"25.8","Nora","Jimmy",30.15,233.51,62.05,0.35,0,1,0,0
25,"25.9","Nora","Jimmy",30.15,233.51,62.05,0.35,0,0,0,0
25,"25.10","Nora","Jimmy",30.15,233.51,62.05,0.35,0,0,0,0
26,"26.1","Jimmy","Thor",37.15,256.15,71.81,0.39,1,1,0,1
26,"26.2","Jimmy","Thor",37.15,256.15,71.81,0.39,1,1,0,1
26,"26.3","Jimmy","Thor",37.15,256.15,71.81,0.39,0,0,0,1
26,"26.4","Jimmy","Thor",37.15,256.15,71.81,0.39,1,0,0,1
26,"26.5","Jimmy","Thor",37.15,256.15,71.81,0.39,0,0,0,1
26,"26.6","Jimmy","Thor",37.15,256.15,71.81,0.39,1,1,0,1
26,"26.7","Jimmy","Thor",37.15,256.15,71.81,0.39,1,0,1,1
26,"26.8","Jimmy","Thor",37.15,256.15,71.81,0.39,1,1,0,1
26,"26.9","Jimmy","Thor",37.15,256.15,71.81,0.39,1,1,0,1
26,"26.10","Jimmy","Thor",37.15,256.15,71.81,0.39,0,0,0,1
27,"27.1","Thor","Jimmy",31.32,234.72,61.47,0.39,0,0,0,1
27,"27.2","Thor","Jimmy",31.32,234.72,61.47,0.39,0,1,0,0
27,"27.3","Thor","Jimmy",31.32,234.72,61.47,0.39,1,1,0,0
27,"27.4","Thor","Jimmy",31.32,234.72,61.47,0.39,0,0,0,0
27,"27.5","Thor","Jimmy",31.32,234.72,61.47,0.39,0,1,0,0
27,"27.6","Thor","Jimmy",31.32,234.72,61.47,0.39,0,1,0,0
27,"27.7","Thor","Jimmy",31.32,234.72,61.47,0.39,0,0,0,0
27,"27.8","Thor","Jimmy",31.32,234.72,61.47,0.39,1,0,0,1
27,"27.9","Thor","Jimmy",31.32,234.72,61.47,0.39,0,0,1,0
27,"27.10","Thor","Jimmy",31.32,234.72,61.47,0.39,0,0,1,0
28,"28.1","Nora","Thor",33.49,224.33,77.37,0.21,0,0,1,1
28,"28.2","Nora","Thor",33.49,224.33,77.37,0.21,0,1,1,1
28,"28.3","Nora","Thor",33.49,224.33,77.37,0.21,0,0,1,1
28,"28.4","Nora","Thor",33.49,224.33,77.37,0.21,1,0,1,0
28,"28.5","Nora","Thor",33.49,224.33,77.37,0.21,0,0,1,1
28,"28.6","Nora","Thor",33.49,224.33,77.37,0.21,1,0,1,1
28,"28.7","Nora","Thor",33.49,224.33,77.37,0.21,0,0,1,1
28,"28.8","Nora","Thor",33.49,224.33,77.37,0.21,0,1,1,1
28,"28.9","Nora","Thor",33.49,224.33,77.37,0.21,0,0,1,1
28,"28.10","Nora","Thor",33.49,224.33,77.37,0.21,0,1,1,1
29,"29.1","Nora","Thor",37.62,291.23,72.43,0.21,1,1,0,1
29,"29.2","Nora","Thor",37.62,291.23,72.43,0.21,1,1,1,1
29,"29.3","Nora","Thor",37.62,291.23,72.43,0.21,1,1,1,1
29,"29.4","Nora","Thor",37.62,291.23,72.43,0.21,0,1,1,1
29,"29.5","Nora","Thor",37.62,291.23,72.43,0.21,1,1,1,1
29,"29.6","Nora","Thor",37.62,291.23,72.43,0.21,1,1,1,1
29,"29.7","Nora","Thor",37.62,291.23,72.43,0.21,1,1,0,1
29,"29.8","Nora","Thor",37.62,291.23,72.43,0.21,1,1,0,1
29,"29.9","Nora","Thor",37.62,291.23,72.43,0.21,1,1,0,1
29,"29.10","Nora","Thor",37.62,291.23,72.43,0.21,1,1,1,1
30,"30.1","Jimmy","Nora",37.21,242.23,78.66,0.26,1,0,1,0
30,"30.2","Jimmy","Nora",37.21,242.23,78.66,0.26,1,0,1,1
30,"30.3","Jimmy","Nora",37.21,242.23,78.66,0.26,1,1,1,1
30,"30.4","Jimmy","Nora",37.21,242.23,78.66,0.26,0,0,1,1
30,"30.5","Jimmy","Nora",37.21,242.23,78.66,0.26,1,1,1,1
30,"30.6","Jimmy","Nora",37.21,242.23,78.66,0.26,0,1,1,1
30,"30.7","Jimmy","Nora",37.21,242.23,78.66,0.26,1,0,1,1
30,"30.8","Jimmy","Nora",37.21,242.23,78.66,0.26,0,0,0,0
30,"30.9","Jimmy","Nora",37.21,242.23,78.66,0.26,0,0,1,1
30,"30.10","Jimmy","Nora",37.21,242.23,78.66,0.26,1,0,1,1
31,"31.1","Nora","Jimmy",32.13,284.49,76.88,0.33,1,1,0,1
31,"31.2","Nora","Jimmy",32.13,284.49,76.88,0.33,0,1,0,0
31,"31.3","Nora","Jimmy",32.13,284.49,76.88,0.33,0,0,0,1
31,"31.4","Nora","Jimmy",32.13,284.49,76.88,0.33,0,1,0,1
31,"31.5","Nora","Jimmy",32.13,284.49,76.88,0.33,1,1,0,1
31,"31.6","Nora","Jimmy",32.13,284.49,76.88,0.33,0,1,0,1
31,"31.7","Nora","Jimmy",32.13,284.49,76.88,0.33,0,1,0,1
31,"31.8","Nora","Jimmy",32.13,284.49,76.88,0.33,0,1,0,0
31,"31.9","Nora","Jimmy",32.13,284.49,76.88,0.33,1,1,0,1
31,"31.10","Nora","Jimmy",32.13,284.49,76.88,0.33,0,1,0,1
32,"32.1","Nora","Thor",34.07,280.23,72.6,0.32,1,1,0,1
32,"32.2","Nora","Thor",34.07,280.23,72.6,0.32,0,1,1,1
32,"32.3","Nora","Thor",34.07,280.23,72.6,0.32,1,1,0,1
32,"32.4","Nora","Thor",34.07,280.23,72.6,0.32,0,1,0,0
32,"32.5","Nora","Thor",34.07,280.23,72.6,0.32,0,0,0,1
32,"32.6","Nora","Thor",34.07,280.23,72.6,0.32,0,1,0,1
32,"32.7","Nora","Thor",34.07,280.23,72.6,0.32,1,1,0,0
32,"32.8","Nora","Thor",34.07,280.23,72.6,0.32,0,1,0,1
32,"32.9","Nora","Thor",34.07,280.23,72.6,0.32,1,1,1,1
32,"32.10","Nora","Thor",34.07,280.23,72.6,0.32,0,1,0,1
33,"33.1","Jimmy","Nora",39.72,242.2,60.15,0.34,1,0,0,0
33,"33.2","Jimmy","Nora",39.72,242.2,60.15,0.34,1,0,1,0
33,"33.3","Jimmy","Nora",39.72,242.2,60.15,0.34,1,1,0,0
33,"33.4","Jimmy","Nora",39.72,242.2,60.15,0.34,1,1,0,0
33,"33.5","Jimmy","Nora",39.72,242.2,60.15,0.34,1,0,0,0
33,"33.6","Jimmy","Nora",39.72,242.2,60.15,0.34,1,0,0,0
33,"33.7","Jimmy","Nora",39.72,242.2,60.15,0.34,1,1,0,0
33,"33.8","Jimmy","Nora",39.72,242.2,60.15,0.34,1,1,0,0
33,"33.9","Jimmy","Nora",39.72,242.2,60.15,0.34,1,0,0,0
33,"33.10","Jimmy","Nora",39.72,242.2,60.15,0.34,1,0,0,0
34,"34.1","Jimmy","Nora",34.72,288.7,60.53,0.22,1,1,0,0
34,"34.2","Jimmy","Nora",34.72,288.7,60.53,0.22,0,1,1,0
34,"34.3","Jimmy","Nora",34.72,288.7,60.53,0.22,0,1,1,0
34,"34.4","Jimmy","Nora",34.72,288.7,60.53,0.22,1,1,1,0
34,"34.5","Jimmy","Nora",34.72,288.7,60.53,0.22,0,0,1,0
34,"34.6","Jimmy","Nora",34.72,288.7,60.53,0.22,1,0,1,0
34,"34.7","Jimmy","Nora",34.72,288.7,60.53,0.22,1,1,1,0
34,"34.8","Jimmy","Nora",34.72,288.7,60.53,0.22,0,1,1,0
34,"34.9","Jimmy","Nora",34.72,288.7,60.53,0.22,0,1,1,0
34,"34.10","Jimmy","Nora",34.72,288.7,60.53,0.22,0,1,1,1
35,"35.1","Thor","Nora",35.46,220.91,76.33,0.22,1,1,1,1
35,"35.2","Thor","Nora",35.46,220.91,76.33,0.22,1,0,0,1
35,"35.3","Thor","Nora",35.46,220.91,76.33,0.22,1,0,1,1
35,"35.4","Thor","Nora",35.46,220.91,76.33,0.22,1,0,1,1
35,"35.5","Thor","Nora",35.46,220.91,76.33,0.22,0,1,1,1
35,"35.6","Thor","Nora",35.46,220.91,76.33,0.22,1,0,1,1
35,"35.7","Thor","Nora",35.46,220.91,76.33,0.22,0,0,1,1
35,"35.8","Thor","Nora",35.46,220.91,76.33,0.22,0,1,0,1
35,"35.9","Thor","Nora",35.46,220.91,76.33,0.22,1,0,1,1
35,"35.10","Thor","Nora",35.46,220.91,76.33,0.22,0,0,1,0
36,"36.1","Jimmy","Nora",36.65,252.28,74.96,0.33,0,0,0,0
36,"36.2","Jimmy","Nora",36.65,252.28,74.96,0.33,1,0,1,1
36,"36.3","Jimmy","Nora",36.65,252.28,74.96,0.33,1,1,0,1
36,"36.4","Jimmy","Nora",36.65,252.28,74.96,0.33,1,0,0,1
36,"36.5","Jimmy","Nora",36.65,252.28,74.96,0.33,1,1,0,0
36,"36.6","Jimmy","Nora",36.65,252.28,74.96,0.33,1,1,0,1
36,"36.7","Jimmy","Nora",36.65,252.28,74.96,0.33,1,1,0,1
36,"36.8","Jimmy","Nora",36.65,252.28,74.96,0.33,1,0,0,1
36,"36.9","Jimmy","Nora",36.65,252.28,74.96,0.33,1,1,0,1
36,"36.10","Jimmy","Nora",36.65,252.28,74.96,0.33,1,1,0,1
37,"37.1","Nora","Thor",38.34,262.24,72.82,0.25,1,0,0,1
37,"37.2","Nora","Thor",38.34,262.24,72.82,0.25,0,1,1,0
37,"37.3","Nora","Thor",38.34,262.24,72.82,0.25,1,0,1,1
37,"37.4","Nora","Thor",38.34,262.24,72.82,0.25,1,1,1,1
37,"37.5","Nora","Thor",38.34,262.24,72.82,0.25,1,0,1,1
37,"37.6","Nora","Thor",38.34,262.24,72.82,0.25,1,1,0,1
37,"37.7","Nora","Thor",38.34,262.24,72.82,0.25,1,1,1,1
37,"37.8","Nora","Thor",38.34,262.24,72.82,0.25,1,1,1,1
37,"37.9","Nora","Thor",38.34,262.24,72.82,0.25,0,0,1,1
37,"37.10","Nora","Thor",38.34,262.24,72.82,0.25,1,0,1,0
38,"38.1","Jimmy","Nora",39.68,200.68,68.26,0.3,1,0,0,0
38,"38.2","Jimmy","Nora",39.68,200.68,68.26,0.3,1,0,0,0
38,"38.3","Jimmy","Nora",39.68,200.68,68.26,0.3,1,0,0,0
38,"38.4","Jimmy","Nora",39.68,200.68,68.26,0.3,1,0,0,0
38,"38.5","Jimmy","Nora",39.68,200.68,68.26,0.3,1,0,0,0
38,"38.6","Jimmy","Nora",39.68,200.68,68.26,0.3,1,0,0,0
38,"38.7","Jimmy","Nora",39.68,200.68,68.26,0.3,1,0,1,0
38,"38.8","Jimmy","Nora",39.68,200.68,68.26,0.3,1,0,0,0
38,"38.9","Jimmy","Nora",39.68,200.68,68.26,0.3,1,0,0,0
38,"38.10","Jimmy","Nora",39.68,200.68,68.26,0.3,1,0,0,0
39,"39.1","Nora","Thor",37.95,200.93,78.09,0.27,1,0,1,1
39,"39.2","Nora","Thor",37.95,200.93,78.09,0.27,1,0,1,1
39,"39.3","Nora","Thor",37.95,200.93,78.09,0.27,1,0,1,1
39,"39.4","Nora","Thor",37.95,200.93,78.09,0.27,1,0,1,1
39,"39.5","Nora","Thor",37.95,200.93,78.09,0.27,1,0,1,1
39,"39.6","Nora","Thor",37.95,200.93,78.09,0.27,0,0,1,0
39,"39.7","Nora","Thor",37.95,200.93,78.09,0.27,1,0,1,1
39,"39.8","Nora","Thor",37.95,200.93,78.09,0.27,1,0,1,0
39,"39.9","Nora","Thor",37.95,200.93,78.09,0.27,1,0,1,1
39,"39.10","Nora","Thor",37.95,200.93,78.09,0.27,0,0,1,1
40,"40.1","Thor","Nora",38.42,268.5,66.53,0.28,1,1,1,0
40,"40.2","Thor","Nora",38.42,268.5,66.53,0.28,1,1,1,0
40,"40.3","Thor","Nora",38.42,268.5,66.53,0.28,1,1,0,0
40,"40.4","Thor","Nora",38.42,268.5,66.53,0.28,1,1,1,1
40,"40.5","Thor","Nora",38.42,268.5,66.53,0.28,1,1,1,0
40,"40.6","Thor","Nora",38.42,268.5,66.53,0.28,1,1,1,0
40,"40.7","Thor","Nora",38.42,268.5,66.53,0.28,1,0,1,0
40,"40.8","Thor","Nora",38.42,268.5,66.53,0.28,0,1,1,0
40,"40.9","Thor","Nora",38.42,268.5,66.53,0.28,1,1,1,0
40,"40.10","Thor","Nora",38.42,268.5,66.53,0.28,1,1,1,0
41,"41.1","Thor","Nora",35.72,280.37,76.29,0.38,0,1,1,1
41,"41.2","Thor","Nora",35.72,280.37,76.29,0.38,1,1,0,1
41,"41.3","Thor","Nora",35.72,280.37,76.29,0.38,1,1,0,1
41,"41.4","Thor","Nora",35.72,280.37,76.29,0.38,0,1,0,1
41,"41.5","Thor","Nora",35.72,280.37,76.29,0.38,1,1,0,1
41,"41.6","Thor","Nora",35.72,280.37,76.29,0.38,1,1,0,1
41,"41.7","Thor","Nora",35.72,280.37,76.29,0.38,0,0,0,0
41,"41.8","Thor","Nora",35.72,280.37,76.29,0.38,1,1,0,1
41,"41.9","Thor","Nora",35.72,280.37,76.29,0.38,0,1,0,1
41,"41.10","Thor","Nora",35.72,280.37,76.29,0.38,0,1,1,1
42,"42.1","Thor","Nora",32.39,220.8,72.93,0.38,0,0,0,1
42,"42.2","Thor","Nora",32.39,220.8,72.93,0.38,0,0,0,1
42,"42.3","Thor","Nora",32.39,220.8,72.93,0.38,0,0,0,1
42,"42.4","Thor","Nora",32.39,220.8,72.93,0.38,0,0,1,1
42,"42.5","Thor","Nora",32.39,220.8,72.93,0.38,0,0,0,1
42,"42.6","Thor","Nora",32.39,220.8,72.93,0.38,0,0,0,1
42,"42.7","Thor","Nora",32.39,220.8,72.93,0.38,1,0,0,1
42,"42.8","Thor","Nora",32.39,220.8,72.93,0.38,0,0,0,1
42,"42.9","Thor","Nora",32.39,220.8,72.93,0.38,1,0,0,0
42,"42.10","Thor","Nora",32.39,220.8,72.93,0.38,0,0,0,1
43,"43.1","Jimmy","Nora",32.79,230.81,72.36,0.21,1,0,1,0
43,"43.2","Jimmy","Nora",32.79,230.81,72.36,0.21,0,0,1,1
43,"43.3","Jimmy","Nora",32.79,230.81,72.36,0.21,0,0,1,1
43,"43.4","Jimmy","Nora",32.79,230.81,72.36,0.21,0,1,1,1
43,"43.5","Jimmy","Nora",32.79,230.81,72.36,0.21,1,0,1,1
43,"43.6","Jimmy","Nora",32.79,230.81,72.36,0.21,0,0,1,1
43,"43.7","Jimmy","Nora",32.79,230.81,72.36,0.21,1,0,1,1
43,"43.8","Jimmy","Nora",32.79,230.81,72.36,0.21,0,1,1,1
43,"43.9","Jimmy","Nora",32.79,230.81,72.36,0.21,0,0,1,0
43,"43.10","Jimmy","Nora",32.79,230.81,72.36,0.21,0,1,1,1
44,"44.1","Thor","Nora",34.55,218.71,77.27,0.27,0,0,1,1
44,"44.2","Thor","Nora",34.55,218.71,77.27,0.27,0,0,1,1
44,"44.3","Thor","Nora",34.55,218.71,77.27,0.27,1,0,1,1
44,"44.4","Thor","Nora",34.55,218.71,77.27,0.27,1,0,1,1
44,"44.5","Thor","Nora",34.55,218.71,77.27,0.27,0,1,0,1
44,"44.6","Thor","Nora",34.55,218.71,77.27,0.27,1,0,1,1
44,"44.7","Thor","Nora",34.55,218.71,77.27,0.27,0,1,1,0
44,"44.8","Thor","Nora",34.55,218.71,77.27,0.27,1,0,1,1
44,"44.9","Thor","Nora",34.55,218.71,77.27,0.27,0,1,0,0
44,"44.10","Thor","Nora",34.55,218.71,77.27,0.27,1,1,1,1
45,"45.1","Nora","Thor",31.08,241.37,65.64,0.29,0,0,0,1
45,"45.2","Nora","Thor",31.08,241.37,65.64,0.29,0,0,1,1
45,"45.3","Nora","Thor",31.08,241.37,65.64,0.29,1,1,1,1
45,"45.4","Nora","Thor",31.08,241.37,65.64,0.29,0,0,1,0
45,"45.5","Nora","Thor",31.08,241.37,65.64,0.29,0,1,1,0
45,"45.6","Nora","Thor",31.08,241.37,65.64,0.29,0,0,1,0
45,"45.7","Nora","Thor",31.08,241.37,65.64,0.29,0,1,1,0
45,"45.8","Nora","Thor",31.08,241.37,65.64,0.29,0,1,1,0
45,"45.9","Nora","Thor",31.08,241.37,65.64,0.29,0,0,1,0
45,"45.10","Nora","Thor",31.08,241.37,65.64,0.29,0,1,0,0
46,"46.1","Nora","Jimmy",38.55,264.85,62.67,0.26,1,1,1,0
46,"46.2","Nora","Jimmy",38.55,264.85,62.67,0.26,1,1,1,0
46,"46.3","Nora","Jimmy",38.55,264.85,62.67,0.26,1,1,1,0
46,"46.4","Nora","Jimmy",38.55,264.85,62.67,0.26,1,1,0,0
46,"46.5","Nora","Jimmy",38.55,264.85,62.67,0.26,1,1,1,0
46,"46.6","Nora","Jimmy",38.55,264.85,62.67,0.26,1,1,0,0
46,"46.7","Nora","Jimmy",38.55,264.85,62.67,0.26,1,1,0,0
46,"46.8","Nora","Jimmy",38.55,264.85,62.67,0.26,0,0,1,0
46,"46.9","Nora","Jimmy",38.55,264.85,62.67,0.26,1,1,1,1
46,"46.10","Nora","Jimmy",38.55,264.85,62.67,0.26,1,1,1,0
47,"47.1","Thor","Jimmy",34,275.8,71.7,0.25,0,1,1,1
47,"47.2","Thor","Jimmy",34,275.8,71.7,0.25,0,0,0,1
47,"47.3","Thor","Jimmy",34,275.8,71.7,0.25,1,1,1,1
47,"47.4","Thor","Jimmy",34,275.8,71.7,0.25,0,1,1,1
47,"47.5","Thor","Jimmy",34,275.8,71.7,0.25,1,1,1,1
47,"47.6","Thor","Jimmy",34,275.8,71.7,0.25,0,1,1,1
47,"47.7","Thor","Jimmy",34,275.8,71.7,0.25,0,0,0,1
47,"47.8","Thor","Jimmy",34,275.8,71.7,0.25,1,1,1,1
47,"47.9","Thor","Jimmy",34,275.8,71.7,0.25,0,1,1,1
47,"47.10","Thor","Jimmy",34,275.8,71.7,0.25,0,1,1,1
48,"48.1","Jimmy","Thor",35.28,215.2,61.48,0.37,0,0,0,0
48,"48.2","Jimmy","Thor",35.28,215.2,61.48,0.37,1,0,0,0
48,"48.3","Jimmy","Thor",35.28,215.2,61.48,0.37,1,1,0,0
48,"48.4","Jimmy","Thor",35.28,215.2,61.48,0.37,1,0,0,0
48,"48.5","Jimmy","Thor",35.28,215.2,61.48,0.37,0,0,0,0
48,"48.6","Jimmy","Thor",35.28,215.2,61.48,0.37,0,0,0,0
48,"48.7","Jimmy","Thor",35.28,215.2,61.48,0.37,0,0,0,0
48,"48.8","Jimmy","Thor",35.28,215.2,61.48,0.37,0,0,1,0
48,"48.9","Jimmy","Thor",35.28,215.2,61.48,0.37,0,0,0,0
48,"48.10","Jimmy","Thor",35.28,215.2,61.48,0.37,0,0,0,0
49,"49.1","Jimmy","Nora",35.4,215.62,76.54,0.26,0,0,1,1
49,"49.2","Jimmy","Nora",35.4,215.62,76.54,0.26,0,0,1,1
49,"49.3","Jimmy","Nora",35.4,215.62,76.54,0.26,0,0,1,1
49,"49.4","Jimmy","Nora",35.4,215.62,76.54,0.26,0,0,1,1
49,"49.5","Jimmy","Nora",35.4,215.62,76.54,0.26,0,0,1,1
49,"49.6","Jimmy","Nora",35.4,215.62,76.54,0.26,0,0,1,1
49,"49.7","Jimmy","Nora",35.4,215.62,76.54,0.26,0,0,1,1
49,"49.8","Jimmy","Nora",35.4,215.62,76.54,0.26,1,0,1,1
49,"49.9","Jimmy","Nora",35.4,215.62,76.54,0.26,1,0,1,1
49,"49.10","Jimmy","Nora",35.4,215.62,76.54,0.26,0,0,1,1
50,"50.1","Nora","Jimmy",34.24,246.58,71.55,0.28,0,1,1,1
50,"50.2","Nora","Jimmy",34.24,246.58,71.55,0.28,1,0,1,1
50,"50.3","Nora","Jimmy",34.24,246.58,71.55,0.28,0,1,1,1
50,"50.4","Nora","Jimmy",34.24,246.58,71.55,0.28,0,1,1,0
50,"50.5","Nora","Jimmy",34.24,246.58,71.55,0.28,0,1,1,1
50,"50.6","Nora","Jimmy",34.24,246.58,71.55,0.28,1,1,1,1
50,"50.7","Nora","Jimmy",34.24,246.58,71.55,0.28,0,0,1,1
50,"50.8","Nora","Jimmy",34.24,246.58,71.55,0.28,1,0,1,1
50,"50.9","Nora","Jimmy",34.24,246.58,71.55,0.28,1,1,1,1
50,"50.10","Nora","Jimmy",34.24,246.58,71.55,0.28,0,0,1,1
